Planning Area,Total,English,Chinese,Malay,Indian Languages,Other Languages,Total Resident Students,Pre-Primary,Primary,Secondary,"Post-Secondary 
(Non-Tertiary)",Polytechnic Diploma,Professional Qualification and Other Diploma,University,Public Bus Only,MRT/LRT Only,MRT/LRT & Public Bus Only,Other combinations of MRT/LRT or Public Bus,Taxi/Private Hire Car Only,Car Only,Private Chartered Bus/Van Only,Lorry/Pickup Only,"Motorcycle/
Scooter Only",Other Modes of Transport,No Transport Required,Up to 15 mins,16 - 30 mins,31 - 45 mins,46 - 60 mins,More than 60 mins,Total Resident Population,Male Resident Population,Female Resident Population,Single,Married,Widowed,Divorced/Separated,Employed,Unemployed,Outside the Labour Force,Not Literate,Literate,No Religion,Buddhism,Taoism,Islam,Hinduism,Sikhism,Catholic,Other Christians,Other Religions,No Qualification,Primary,Lower Secondary,Secondary,Post-Secondary (Non-Tertiary),Polytechnic Diploma,Professional Qualification and Other Diploma,University,Total Employed Residents,Manufacturing,Construction,Wholesale & Retail Trade,Transportation & Storage,Accommodation & Food Services,Information & Communications,Financial & Insurance Services,Real Estate Services,Professional Services,Administrative & Support Services,Public Administration & Education,Health & Social Services,"Arts, Entertainment & Recreation","Other Community, Social & Personal Services",Other Industries,"Legislators, Senior Officials & Managers",Professionals,Associate Professionals & Technicians,Clerical Support Workers,Service & Sales Workers,Craftsmen & Related Trades Workers,Plant & Machine Operators & Assemblers,"Cleaners, Labourers & Related Workers",Other Occupations,"Below $1,000","$1,000 - $1,999","$2,000 - $2,999","$3,000 - $3,999","$4,000 - $4,999","$5,000 - $5,999","$6,000 - $6,999","$7,000 - $7,999","$8,000 - $8,999","$9,000 - $9,999","$10,000 - 10,999","$11,000 - 11,999","$12,000 - $14,999","$15,000 & Over",Public Bus Only,MRT/LRT Only,MRT/LRT & Public Bus Only,Other combinations of MRT/LRT or Public Bus,Taxi/Private Hire Car Only,Car Only,Private Chartered Bus/Van Only,Lorry/Pickup Only,"Motorcycle/
Scooter Only",Other Modes of Transport,No Transport Required,Up to 15 mins,16 - 30 mins,31 - 45 mins,46 - 60 mins,More than 60 mins,Total Resident Households,HDB Total,1- and 2-Room Flats,3-Room Flats,4-Room Flats,5-Room and Executive Flats,Condominiums and Other Apartments,Landed Properties,Other Dwellings,Owner-Occupied,Rented,Other Tenancies,No Family Nucleus,One Generation,Two Generations,Three or More Generations,One or Two Generations,Three or More GenerationsÂ ,Three or More Family Nuclei,1 Person,2 Persons,3 Persons,4 Persons,5 Persons,6 Persons,7 Persons,8 or More Persons,No Employed Person,"Below $1,000","$1,000 - $1,999","$2,000 - $2,999","$3,000 - $3,999","$4,000 - $4,999","$5,000 - $5,999","$6,000 - $6,999","$7,000 - $7,999","$8,000 - $8,999","$9,000 - $9,999","$10,000 - $10,999","$11,000 - $11,999","$12,000 - $12,999","$13,000 - $13,999","$14,000 - $14,999","$15,000 - $17,499","$17,500 - $19,999","$20,000 & Over"
Ang Mo Kio,"141,273 ","62,041 ","66,749 ","6,707 ","4,806 ",970 ,"24,714 ","1,857 ","8,066 ","5,628 ","2,131 ","2,832 ",527 ,"3,674 ","6,740 ","1,426 ","5,523 ",260 ,95 ,"3,095 ","1,527 ",27 ,111 ,221 ,"5,535 ","8,652 ","7,693 ","3,309 ","3,097 ","1,409 ","143,616 ","67,222 ","76,394 ","47,808 ","76,596 ","10,730 ","8,483 ","86,497 ","5,575 ","51,543 ","7,054 ","136,561 ","30,141 ","49,544 ","17,279 ","10,952 ","6,661 ",342 ,"12,143 ","16,339 ",214 ,"20,625 ","9,551 ","12,060 ","21,200 ","12,397 ","10,556 ","8,508 ","37,234 ","86,497 ","7,667 ","4,011 ","12,746 ","6,989 ","6,312 ","4,572 ","7,093 ","2,300 ","6,504 ","5,955 ","10,900 ","6,104 ","1,327 ","3,205 ",814 ,"13,371 ","18,975 ","16,365 ","8,058 ","10,569 ","2,498 ","6,222 ","8,536 ","1,903 ","6,306 ","14,367 ","10,414 ","10,210 ","8,320 ","7,022 ","5,489 ","4,291 ","3,392 ","2,598 ","2,637 ","1,905 ","3,237 ","6,309 ","14,928 ","10,689 ","24,760 ","1,651 ","2,204 ","16,343 ","1,567 ","1,454 ","2,095 ",976 ,"8,822 ","10,709 ","25,897 ","20,790 ","18,779 ","6,614 ","60,220 ","50,647 ","5,002 ","24,087 ","14,894 ","6,664 ","4,815 ","4,433 ",325 ,"51,897 ","7,640 ",683 ,"17,570 ","9,155 ","27,722 ","3,080 ",578 ,"2,060 ",54 ,"12,603 ","15,564 ","12,172 ","10,414 ","5,116 ","2,834 ",980 ,537 ,"11,455 ","1,563 ","4,228 ","3,572 ","4,020 ","3,381 ","3,134 ","2,943 ","2,672 ","2,210 ","2,386 ","1,947 ","1,795 ","1,363 ","1,425 ","1,156 ","2,661 ","1,841 ","6,466 "
Bedok,"241,597 ","124,193 ","86,401 ","24,602 ","5,012 ","1,389 ","43,976 ","3,290 ","14,572 ","10,517 ","3,309 ","3,923 ",580 ,"7,785 ","9,837 ","2,484 ","9,419 ",791 ,434 ,"8,128 ","3,615 ",   -  ,63 ,596 ,"8,299 ","15,202 ","13,157 ","5,603 ","4,681 ","3,972 ","238,734 ","113,639 ","125,094 ","78,622 ","133,769 ","15,637 ","10,706 ","145,214 ","9,218 ","84,301 ","7,165 ","231,568 ","47,193 ","69,927 ","18,890 ","40,660 ","10,321 ","1,058 ","20,874 ","29,299 ",511 ,"23,987 ","13,335 ","15,887 ","36,058 ","22,719 ","17,306 ","14,389 ","75,068 ","145,214 ","11,396 ","4,921 ","22,211 ","15,015 ","9,020 ","8,343 ","16,117 ","4,079 ","12,974 ","8,647 ","17,137 ","8,373 ","1,916 ","4,130 ",938 ,"29,967 ","34,327 ","25,895 ","13,396 ","15,757 ","3,604 ","8,535 ","10,261 ","3,473 ","10,917 ","19,697 ","17,730 ","16,491 ","12,361 ","11,162 ","7,552 ","5,855 ","5,985 ","4,842 ","4,301 ","4,067 ","7,528 ","16,726 ","25,560 ","16,411 ","32,836 ","3,298 ","4,732 ","34,792 ","2,096 ","1,611 ","4,152 ","2,592 ","15,146 ","22,557 ","51,123 ","31,399 ","23,266 ","8,751 ","97,551 ","64,565 ","5,391 ","22,903 ","22,045 ","14,226 ","20,922 ","11,545 ",519 ,"85,033 ","11,127 ","1,391 ","24,964 ","14,879 ","46,928 ","5,189 ","1,156 ","4,142 ",294 ,"17,598 ","23,486 ","19,081 ","17,654 ","10,727 ","4,845 ","2,631 ","1,530 ","16,818 ","2,203 ","5,278 ","5,245 ","5,521 ","4,641 ","5,102 ","3,868 ","4,229 ","3,455 ","3,641 ","3,291 ","2,685 ","2,620 ","2,564 ","1,838 ","4,080 ","3,349 ","17,125 "
Bishan,"79,018 ","50,219 ","25,030 ","1,752 ","1,496 ",521 ,"15,580 ",840 ,"5,012 ","3,676 ","1,431 ","1,344 ",223 ,"3,056 ","2,837 ","1,345 ","4,010 ",174 ,118 ,"3,073 ",931 ,37 ,19 ,54 ,"2,771 ","5,149 ","5,086 ","2,424 ","1,805 ",704 ,"76,800 ","36,804 ","39,996 ","25,683 ","44,407 ","4,255 ","2,456 ","47,460 ","2,673 ","26,667 ","1,691 ","75,110 ","19,247 ","21,950 ","5,304 ","3,382 ","3,217 ",146 ,"8,607 ","14,759 ",189 ,"5,379 ","2,374 ","4,739 ","9,997 ","5,993 ","5,771 ","4,458 ","30,497 ","47,460 ","3,758 ","1,412 ","6,885 ","2,929 ","2,259 ","3,131 ","5,739 ","1,453 ","4,837 ","2,104 ","7,368 ","3,208 ",651 ,"1,386 ",339 ,"10,648 ","15,233 ","8,355 ","3,727 ","3,883 ",890 ,"1,612 ","1,816 ","1,298 ","2,910 ","4,713 ","3,635 ","4,386 ","4,276 ","3,930 ","3,308 ","2,651 ","2,692 ","1,890 ","1,835 ","1,525 ","3,253 ","6,458 ","5,498 ","7,736 ","12,923 ",859 ,"1,590 ","12,651 ",475 ,323 ,620 ,333 ,"3,685 ","4,797 ","16,750 ","13,516 ","7,768 ","2,202 ","29,445 ","20,547 ",605 ,"2,334 ","9,882 ","7,727 ","5,786 ","3,040 ",72 ,"25,654 ","3,410 ",381 ,"6,289 ","4,382 ","15,588 ","1,582 ",250 ,"1,292 ",63 ,"4,444 ","6,352 ","6,184 ","6,131 ","3,551 ","1,686 ",682 ,413 ,"4,412 ",508 ,983 ,910 ,"1,252 ",996 ,"1,225 ","1,307 ","1,078 ","1,060 ","1,014 ",903 ,983 ,900 ,854 ,805 ,"1,801 ","1,589 ","6,864 "
Bukit Batok,"143,261 ","66,118 ","55,263 ","14,521 ","6,241 ","1,118 ","27,407 ","2,077 ","8,485 ","6,604 ","2,592 ","2,686 ",500 ,"4,464 ","7,312 ","1,891 ","6,463 ",341 ,141 ,"3,444 ","1,800 ",120 ,100 ,93 ,"5,566 ","8,497 ","8,794 ","4,949 ","3,327 ","1,232 ","139,173 ","67,475 ","71,698 ","43,569 ","83,528 ","6,198 ","5,878 ","90,479 ","5,990 ","42,704 ","3,719 ","135,453 ","26,343 ","41,591 ","12,344 ","23,059 ","9,228 ",377 ,"8,125 ","17,726 ",380 ,"12,735 ","6,954 ","10,561 ","20,076 ","13,684 ","11,727 ","8,290 ","42,101 ","90,479 ","10,254 ","4,254 ","13,634 ","8,346 ","4,966 ","3,817 ","6,058 ","2,396 ","7,084 ","5,356 ","12,469 ","6,467 ","1,323 ","2,932 ","1,123 ","13,988 ","21,414 ","18,440 ","8,629 ","10,036 ","2,772 ","6,168 ","6,792 ","2,240 ","5,589 ","12,060 ","11,316 ","11,626 ","9,087 ","7,371 ","5,860 ","5,152 ","4,041 ","3,221 ","2,636 ","2,145 ","4,288 ","6,088 ","13,706 ","10,643 ","24,856 ","2,547 ","2,108 ","20,004 ","2,307 ","1,284 ","3,224 ",997 ,"7,376 ","10,463 ","27,801 ","20,367 ","20,869 ","7,323 ","54,297 ","43,387 ","3,335 ","11,517 ","18,425 ","10,109 ","9,338 ","1,466 ",106 ,"49,487 ","4,349 ",461 ,"11,040 ","8,815 ","29,501 ","2,547 ",532 ,"1,742 ",119 ,"8,445 ","12,574 ","12,465 ","10,873 ","5,868 ","2,553 ",917 ,603 ,"5,983 ",847 ,"3,328 ","3,031 ","3,136 ","3,200 ","3,206 ","2,713 ","2,731 ","2,813 ","2,359 ","2,003 ","2,187 ","1,504 ","1,640 ","1,475 ","2,963 ","2,037 ","7,142 "
Bukit Merah,"125,031 ","59,832 ","52,148 ","7,237 ","4,644 ","1,169 ","22,195 ","1,857 ","8,530 ","4,992 ","1,739 ","1,892 ",427 ,"2,758 ","5,321 ","1,765 ","4,885 ",306 ,213 ,"2,867 ","2,221 ",   -  ,80 ,56 ,"4,303 ","7,793 ","7,026 ","3,348 ","2,677 ","1,030 ","128,585 ","60,821 ","67,764 ","41,640 ","69,321 ","9,933 ","7,690 ","78,703 ","4,930 ","44,951 ","5,842 ","122,742 ","29,934 ","42,224 ","11,813 ","12,248 ","6,308 ",656 ,"8,167 ","16,675 ",560 ,"18,587 ","8,076 ","10,320 ","17,362 ","10,705 ","8,964 ","7,289 ","38,458 ","78,703 ","5,096 ","2,125 ","11,562 ","6,424 ","6,200 ","3,985 ","8,692 ","2,242 ","7,811 ","5,926 ","9,137 ","4,996 ","1,492 ","2,415 ",601 ,"14,147 ","19,252 ","13,562 ","6,467 ","9,938 ","1,778 ","4,397 ","7,541 ","1,622 ","5,897 ","11,943 ","8,123 ","7,825 ","6,249 ","6,411 ","4,718 ","4,132 ","3,552 ","2,802 ","2,806 ","2,318 ","4,404 ","7,522 ","18,461 ","9,779 ","18,881 ","1,537 ","3,128 ","13,312 ",717 ,786 ,"1,553 ",852 ,"8,743 ","14,740 ","33,899 ","14,535 ","8,526 ","3,642 ","59,700 ","53,875 ","10,995 ","15,708 ","17,382 ","9,790 ","5,429 ",190 ,207 ,"46,060 ","13,134 ",506 ,"19,906 ","9,663 ","25,650 ","2,354 ",496 ,"1,559 ",72 ,"14,151 ","17,214 ","11,016 ","9,477 ","5,033 ","1,724 ",819 ,266 ,"12,444 ","1,899 ","4,583 ","3,478 ","3,465 ","2,339 ","2,557 ","2,173 ","2,255 ","1,826 ","1,787 ","2,012 ","1,748 ","1,536 ","1,337 ","1,360 ","3,129 ","2,025 ","7,748 "
Bukit Panjang,"128,606 ","59,059 ","52,209 ","13,210 ","3,373 ",755 ,"27,475 ","1,989 ","8,761 ","6,588 ","2,292 ","3,192 ",546 ,"4,108 ","6,340 ","1,863 ","5,458 ","2,080 ",102 ,"3,159 ","1,342 ",46 ,129 ,143 ,"6,659 ","9,738 ","7,538 ","4,122 ","4,025 ","1,550 ","120,112 ","58,505 ","61,607 ","39,425 ","70,953 ","5,595 ","4,139 ","77,492 ","4,459 ","38,161 ","3,526 ","116,586 ","22,937 ","37,693 ","13,519 ","20,325 ","5,239 ",365 ,"7,077 ","12,715 ",242 ,"11,486 ","6,646 ","9,501 ","18,364 ","12,113 ","11,745 ","6,300 ","30,829 ","77,492 ","8,656 ","3,624 ","11,488 ","7,762 ","4,514 ","3,442 ","5,416 ","1,883 ","5,751 ","4,819 ","10,889 ","4,906 ","1,209 ","2,263 ",869 ,"10,919 ","16,782 ","15,836 ","7,806 ","9,031 ","2,397 ","6,707 ","5,563 ","2,451 ","5,526 ","10,420 ","9,520 ","10,562 ","8,405 ","7,140 ","4,572 ","4,177 ","3,446 ","2,398 ","2,085 ","1,905 ","2,994 ","4,340 ","12,968 ","6,581 ","15,625 ","8,049 ","1,723 ","17,337 ","1,818 ","1,563 ","2,855 ",862 ,"6,935 ","8,026 ","21,049 ","17,208 ","19,622 ","8,484 ","43,580 ","36,120 ","1,234 ","3,638 ","17,144 ","14,104 ","6,643 ",817 ,   -  ,"40,434 ","2,743 ",402 ,"6,824 ","6,049 ","25,750 ","2,234 ",627 ,"2,018 ",78 ,"4,953 ","8,955 ","9,415 ","10,166 ","6,055 ","2,450 ","1,030 ",556 ,"4,389 ",665 ,"1,665 ","2,411 ","2,561 ","2,495 ","2,635 ","2,552 ","2,450 ","2,544 ","2,011 ","1,746 ","1,656 ","1,710 ","1,110 ","1,146 ","2,583 ","1,891 ","5,359 "
Bukit Timah,"69,091 ","52,776 ","14,489 ",354 ,407 ,"1,066 ","17,021 ","1,232 ","5,916 ","4,125 ","1,582 ",617 ,151 ,"3,398 ","2,547 ",998 ,"2,383 ",155 ,227 ,"5,697 ","1,872 ",   -  ,7 ,141 ,"2,672 ","6,383 ","6,218 ","2,235 ",986 ,341 ,"62,963 ","29,235 ","33,728 ","18,700 ","39,903 ","2,661 ","1,698 ","37,002 ","1,878 ","24,083 ",554 ,"62,409 ","17,733 ","11,103 ","3,015 ",736 ,"2,063 ",227 ,"7,950 ","19,824 ",312 ,"1,895 ",857 ,"1,587 ","4,420 ","3,999 ","2,662 ","3,244 ","36,767 ","37,002 ","2,277 ",751 ,"5,438 ","1,170 ",939 ,"2,306 ","5,910 ","1,090 ","5,526 ",984 ,"5,782 ","3,344 ",411 ,840 ,232 ,"13,875 ","14,138 ","4,592 ","1,272 ","1,207 ",206 ,310 ,360 ,"1,041 ","1,779 ","1,979 ","1,660 ","2,073 ","2,116 ","2,467 ","1,695 ","1,774 ","1,677 ","1,359 ","1,803 ","1,334 ","2,661 ","12,626 ","2,639 ","5,022 ","4,918 ",545 ,"1,501 ","17,909 ",237 ,105 ,191 ,244 ,"3,082 ","4,537 ","17,312 ","7,851 ","3,481 ",949 ,"24,612 ","2,493 ",147 ,469 ,850 ,"1,027 ","12,827 ","9,163 ",129 ,"20,122 ","3,879 ",611 ,"3,984 ","3,687 ","13,794 ","1,356 ",246 ,"1,438 ",108 ,"2,464 ","3,889 ","4,412 ","5,121 ","4,515 ","2,179 ","1,295 ",737 ,"3,846 ",294 ,364 ,455 ,356 ,474 ,559 ,485 ,623 ,575 ,488 ,617 ,553 ,482 ,445 ,471 ,"1,249 ","1,102 ","11,174 "
Choa Chu Kang,"180,975 ","82,356 ","69,344 ","21,393 ","6,712 ","1,171 ","38,707 ","2,487 ","11,760 ","9,140 ","3,094 ","4,839 ",705 ,"6,683 ","6,500 ","3,090 ","11,826 ","1,817 ",201 ,"3,119 ","1,982 ",77 ,335 ,170 ,"9,361 ","12,675 ","9,383 ","6,879 ","6,742 ","2,223 ","167,886 ","82,688 ","85,197 ","54,364 ","101,233 ","6,901 ","5,387 ","111,120 ","6,397 ","50,368 ","3,407 ","164,479 ","29,826 ","51,662 ","17,284 ","34,825 ","9,963 ",319 ,"8,605 ","15,082 ",320 ,"14,196 ","7,722 ","12,165 ","25,014 ","20,267 ","17,694 ","10,582 ","41,019 ","111,120 ","14,730 ","4,937 ","16,789 ","11,872 ","5,864 ","4,253 ","7,198 ","2,081 ","7,830 ","6,777 ","16,056 ","6,866 ","1,637 ","2,835 ","1,395 ","13,195 ","23,559 ","25,802 ","12,449 ","12,368 ","3,328 ","9,462 ","7,448 ","3,509 ","7,809 ","13,627 ","14,344 ","14,563 ","13,038 ","10,682 ","7,598 ","6,128 ","5,104 ","3,787 ","3,255 ","2,618 ","3,802 ","4,766 ","8,584 ","13,152 ","34,694 ","7,305 ","2,377 ","22,300 ","3,382 ","1,898 ","5,163 ","1,420 ","9,159 ","11,498 ","27,601 ","23,695 ","29,657 ","14,388 ","58,024 ","50,018 ","2,088 ","2,487 ","24,202 ","21,241 ","7,395 ",606 ,5 ,"53,919 ","3,700 ",406 ,"7,081 ","7,972 ","35,574 ","3,806 ",973 ,"2,519 ",99 ,"5,175 ","10,812 ","12,942 ","14,893 ","8,292 ","3,752 ","1,408 ",749 ,"4,463 ",904 ,"2,054 ","2,776 ","2,884 ","3,058 ","3,335 ","3,337 ","3,499 ","3,311 ","3,082 ","2,833 ","2,619 ","2,115 ","2,074 ","2,167 ","4,026 ","2,924 ","6,563 "
Clementi,"80,527 ","41,176 ","30,198 ","5,861 ","2,521 ",771 ,"15,910 ","1,246 ","5,873 ","3,671 ","1,364 ","1,202 ",272 ,"2,282 ","4,368 ",568 ,"2,909 ",228 ,128 ,"2,990 ","1,363 ",16 ,52 ,72 ,"3,054 ","5,844 ","5,370 ","2,236 ","1,569 ",452 ,"79,300 ","37,330 ","41,970 ","24,737 ","46,117 ","4,909 ","3,537 ","47,609 ","3,255 ","28,435 ","2,468 ","76,831 ","18,417 ","23,091 ","6,399 ","9,033 ","3,398 ",356 ,"5,608 ","12,695 ",303 ,"8,450 ","3,885 ","5,929 ","10,273 ","6,274 ","5,491 ","4,306 ","28,038 ","47,609 ","4,548 ","1,327 ","6,583 ","3,930 ","2,341 ","2,290 ","4,569 ","1,134 ","4,537 ","2,695 ","7,652 ","3,340 ",795 ,"1,409 ",461 ,"8,895 ","14,231 ","8,729 ","3,907 ","4,331 ",950 ,"2,384 ","3,283 ",899 ,"2,962 ","5,558 ","4,702 ","4,203 ","3,911 ","3,848 ","3,182 ","2,648 ","2,293 ","2,038 ","1,925 ","1,422 ","3,153 ","5,764 ","8,641 ","5,243 ","12,096 ","1,199 ","1,557 ","11,355 ",774 ,375 ,"1,037 ",631 ,"4,064 ","6,753 ","17,571 ","11,021 ","7,606 ","2,620 ","33,609 ","25,820 ","1,117 ","11,461 ","9,298 ","3,943 ","5,988 ","1,614 ",186 ,"30,042 ","3,231 ",336 ,"8,963 ","5,194 ","16,470 ","1,424 ",320 ,"1,197 ",41 ,"6,652 ","7,989 ","6,733 ","6,291 ","3,676 ","1,443 ",566 ,259 ,"5,990 ",804 ,"1,656 ","1,508 ","1,558 ","1,410 ","1,626 ","1,556 ","1,315 ","1,231 ","1,099 ","1,199 ",993 ,906 ,941 ,702 ,"1,761 ","1,341 ","6,013 "
Downtown Core,"2,095 ","1,426 ",614 ,5 ,13 ,36 ,253 ,29 ,61 ,59 ,25 ,18 ,   -  ,60 ,33 ,52 ,54 ,   -  ,   -  ,25 ,16 ,5 ,   -  ,   -  ,39 ,38 ,81 ,48 ,34 ,4 ,"2,720 ","1,303 ","1,417 ","1,050 ","1,473 ",48 ,149 ,"1,962 ",66 ,692 ,13 ,"2,707 ","1,011 ",615 ,109 ,93 ,77 ,   -  ,347 ,464 ,4 ,91 ,51 ,81 ,153 ,154 ,152 ,176 ,"1,717 ","1,962 ",57 ,35 ,340 ,60 ,76 ,150 ,577 ,68 ,287 ,71 ,110 ,73 ,17 ,32 ,9 ,824 ,720 ,222 ,98 ,59 ,9 ,4 ,9 ,18 ,86 ,61 ,133 ,73 ,129 ,124 ,75 ,75 ,96 ,88 ,77 ,62 ,174 ,707 ,206 ,323 ,176 ,27 ,134 ,254 ,   -  ,   -  ,5 ,13 ,777 ,879 ,669 ,118 ,88 ,29 ,"1,547 ",229 ,   -  ,   -  ,229 ,   -  ,"1,282 ",   -  ,36 ,855 ,620 ,72 ,807 ,298 ,385 ,9 ,16 ,32 ,   -  ,681 ,410 ,173 ,130 ,86 ,29 ,27 ,9 ,175 ,21 ,22 ,32 ,25 ,47 ,48 ,45 ,20 ,49 ,47 ,53 ,47 ,53 ,42 ,16 ,102 ,70 ,632 
Geylang,"93,422 ","39,423 ","40,919 ","9,497 ","2,922 ",661 ,"16,226 ","1,430 ","5,301 ","4,054 ","1,214 ","1,620 ",230 ,"2,377 ","3,640 ","1,897 ","3,926 ",186 ,84 ,"1,916 ","1,059 ",10 ,87 ,139 ,"3,164 ","5,362 ","4,833 ","2,793 ","1,960 ","1,014 ","96,750 ","46,083 ","50,667 ","33,117 ","51,948 ","6,611 ","5,075 ","61,059 ","3,428 ","32,263 ","4,446 ","92,304 ","20,690 ","32,411 ","9,027 ","15,328 ","2,892 ",193 ,"5,033 ","10,996 ",180 ,"12,384 ","6,278 ","8,239 ","14,003 ","8,891 ","7,173 ","5,544 ","26,956 ","61,059 ","4,783 ","2,703 ","9,363 ","5,182 ","4,833 ","3,247 ","6,301 ","1,431 ","4,922 ","4,417 ","6,634 ","3,258 ","1,049 ","2,553 ",384 ,"10,028 ","13,364 ","10,942 ","6,136 ","8,248 ","1,966 ","3,782 ","5,455 ","1,137 ","4,374 ","9,738 ","8,060 ","7,549 ","5,681 ","4,562 ","3,488 ","2,561 ","2,191 ","2,007 ","1,953 ","1,407 ","2,836 ","4,653 ","9,896 ","11,445 ","14,516 ","1,077 ","1,651 ","10,315 ",723 ,759 ,"1,630 ","1,300 ","7,031 ","11,042 ","23,782 ","12,784 ","7,819 ","3,094 ","42,060 ","30,971 ","4,174 ","11,708 ","10,424 ","4,665 ","8,880 ","1,864 ",344 ,"33,761 ","7,647 ",652 ,"14,059 ","6,268 ","17,881 ","1,895 ",330 ,"1,495 ",132 ,"10,321 ","10,529 ","8,060 ","6,276 ","3,823 ","1,826 ",732 ,492 ,"6,991 ","1,030 ","2,826 ","2,860 ","2,661 ","2,383 ","2,385 ","2,127 ","1,635 ","1,622 ","1,654 ","1,561 ","1,397 ","1,057 ",954 ,912 ,"1,755 ","1,334 ","4,917 "
Hougang,"202,230 ","94,601 ","88,045 ","12,485 ","5,985 ","1,113 ","36,858 ","2,349 ","11,445 ","8,843 ","3,233 ","4,216 ",714 ,"6,058 ","9,819 ","1,777 ","9,269 ",538 ,292 ,"4,888 ","1,612 ",51 ,153 ,336 ,"7,841 ","12,121 ","9,674 ","5,128 ","5,482 ","3,324 ","195,874 ","94,135 ","101,739 ","65,475 ","111,858 ","9,864 ","8,677 ","127,239 ","7,388 ","61,247 ","6,239 ","189,636 ","40,403 ","66,030 ","19,523 ","20,294 ","8,710 ",967 ,"17,093 ","22,185 ",670 ,"20,603 ","10,583 ","15,905 ","29,994 ","18,891 ","17,296 ","12,423 ","52,406 ","127,239 ","11,231 ","5,952 ","19,856 ","12,324 ","8,254 ","6,118 ","11,571 ","2,996 ","9,241 ","7,644 ","16,324 ","8,352 ","1,938 ","4,246 ","1,191 ","19,776 ","28,167 ","25,356 ","13,253 ","15,332 ","4,075 ","9,322 ","8,868 ","3,090 ","9,273 ","18,531 ","15,877 ","16,688 ","12,827 ","10,695 ","7,873 ","5,989 ","5,649 ","4,091 ","3,577 ","2,873 ","5,396 ","7,902 ","22,743 ","12,909 ","35,473 ","2,608 ","3,293 ","26,845 ","2,116 ","2,200 ","3,457 ","1,867 ","12,224 ","15,742 ","37,494 ","32,103 ","25,450 ","10,765 ","75,109 ","57,979 ","3,132 ","10,958 ","27,963 ","15,926 ","10,899 ","6,073 ",158 ,"68,603 ","5,750 ",757 ,"15,268 ","11,161 ","40,156 ","4,082 ","1,075 ","3,144 ",223 ,"11,031 ","17,088 ","14,966 ","16,106 ","9,321 ","3,957 ","1,688 ",952 ,"8,503 ","1,475 ","4,008 ","4,473 ","4,275 ","4,054 ","4,157 ","3,956 ","3,450 ","4,098 ","3,518 ","3,067 ","2,344 ","2,534 ","2,497 ","2,119 ","3,973 ","3,048 ","9,562 "
Jurong East,"69,840 ","26,486 ","30,547 ","8,777 ","3,485 ",545 ,"12,449 ",747 ,"3,670 ","3,144 ","1,115 ","1,474 ",279 ,"2,021 ","4,174 ",519 ,"3,384 ",105 ,53 ,"1,168 ",724 ,23 ,68 ,58 ,"2,083 ","3,464 ","3,987 ","2,400 ","1,729 ",651 ,"69,007 ","33,490 ","35,517 ","22,532 ","39,575 ","4,033 ","2,868 ","41,926 ","2,771 ","24,310 ","2,313 ","66,694 ","12,575 ","21,756 ","7,343 ","12,743 ","4,832 ",183 ,"2,879 ","6,552 ",145 ,"8,293 ","4,421 ","6,172 ","10,608 ","6,894 ","5,767 ","3,968 ","16,602 ","41,926 ","5,722 ","1,877 ","6,222 ","4,366 ","2,522 ","1,786 ","2,611 ",938 ,"3,017 ","2,836 ","4,979 ","2,644 ",577 ,"1,184 ",647 ,"5,019 ","8,870 ","8,788 ","4,468 ","4,894 ","1,542 ","3,502 ","3,724 ","1,120 ","2,817 ","6,424 ","5,593 ","5,364 ","4,532 ","3,688 ","2,577 ","2,393 ","1,711 ","1,374 ","1,125 ",843 ,"1,465 ","2,018 ","8,472 ","3,701 ","11,426 ","1,057 ","1,323 ","6,494 ","1,709 ",708 ,"1,586 ",790 ,"4,006 ","5,679 ","12,504 ","9,056 ","9,020 ","3,925 ","27,213 ","24,649 ","1,090 ","7,162 ","8,455 ","7,942 ","2,477 ",   -  ,86 ,"24,505 ","2,442 ",266 ,"6,171 ","4,469 ","13,594 ","1,402 ",329 ,"1,182 ",67 ,"4,497 ","6,627 ","5,995 ","5,239 ","2,802 ","1,329 ",465 ,259 ,"4,256 ",550 ,"1,642 ","1,309 ","1,761 ","1,636 ","1,718 ","1,615 ","1,422 ","1,188 ","1,109 ",997 ,922 ,818 ,706 ,559 ,"1,416 ",988 ,"2,602 "
Jurong West,"240,910 ","88,046 ","109,106 ","30,676 ","10,680 ","2,401 ","51,760 ","3,732 ","17,935 ","13,221 ","4,281 ","5,928 ",830 ,"5,833 ","13,306 ","2,565 ","12,893 ",875 ,161 ,"5,166 ","2,211 ",74 ,351 ,493 ,"13,449 ","18,917 ","14,325 ","7,949 ","6,775 ","2,769 ","225,771 ","112,457 ","113,313 ","70,976 ","136,006 ","10,706 ","8,082 ","148,785 ","7,947 ","69,039 ","6,756 ","219,014 ","41,074 ","78,615 ","24,184 ","46,353 ","12,143 ",666 ,"7,769 ","14,345 ",620 ,"24,024 ","13,919 ","18,912 ","34,903 ","26,830 ","20,837 ","15,065 ","48,675 ","148,785 ","23,977 ","7,341 ","23,209 ","16,834 ","9,478 ","5,264 ","8,260 ","2,966 ","10,253 ","9,706 ","17,171 ","6,952 ","1,849 ","3,390 ","2,137 ","16,544 ","27,999 ","32,708 ","16,934 ","17,604 ","5,639 ","14,540 ","12,817 ","4,000 ","10,288 ","20,539 ","20,398 ","21,789 ","17,754 ","14,433 ","10,063 ","7,255 ","6,010 ","4,563 ","3,428 ","2,323 ","4,617 ","5,326 ","22,048 ","15,284 ","41,597 ","5,016 ","3,302 ","25,615 ","6,448 ","3,056 ","7,140 ","3,217 ","13,670 ","21,569 ","45,550 ","30,469 ","29,818 ","14,894 ","83,879 ","77,166 ","3,700 ","12,815 ","31,404 ","29,247 ","5,632 ","1,019 ",61 ,"76,331 ","7,029 ",519 ,"15,145 ","12,509 ","45,993 ","4,914 ","1,423 ","3,674 ",221 ,"10,971 ","17,005 ","17,656 ","18,524 ","10,976 ","5,382 ","2,016 ","1,349 ","8,069 ","1,399 ","4,460 ","4,060 ","4,636 ","5,286 ","5,308 ","5,368 ","4,806 ","4,739 ","4,441 ","4,077 ","3,456 ","3,257 ","3,037 ","2,512 ","5,049 ","3,007 ","6,910 "
Kallang,"83,599 ","39,825 ","34,464 ","4,025 ","4,590 ",694 ,"14,208 ","1,161 ","4,700 ","3,806 ","1,054 ","1,347 ",147 ,"1,993 ","2,482 ","1,712 ","3,785 ",107 ,113 ,"1,678 ","1,515 ",   -  ,   -  ,99 ,"2,599 ","4,292 ","4,456 ","2,615 ","1,978 ",589 ,"88,333 ","42,750 ","45,583 ","28,894 ","48,304 ","6,263 ","4,871 ","54,919 ","3,500 ","29,914 ","4,299 ","84,034 ","18,470 ","28,286 ","8,979 ","8,591 ","7,206 ",631 ,"6,105 ","9,737 ",329 ,"11,979 ","5,788 ","7,785 ","12,015 ","7,066 ","5,444 ","4,831 ","27,184 ","54,919 ","3,903 ","1,716 ","8,735 ","4,622 ","4,466 ","2,983 ","6,188 ","1,286 ","5,059 ","3,921 ","5,999 ","3,038 ",938 ,"1,797 ",267 ,"10,218 ","13,024 ","9,103 ","4,891 ","6,661 ","1,488 ","3,167 ","5,340 ","1,027 ","4,055 ","8,341 ","6,262 ","5,652 ","4,849 ","4,168 ","2,989 ","2,753 ","2,169 ","2,016 ","2,141 ","1,213 ","2,828 ","5,483 ","8,428 ","10,952 ","12,323 ","1,041 ","2,086 ","9,496 ",580 ,569 ,"1,234 ","1,010 ","6,529 ","10,279 ","23,612 ","10,542 ","5,849 ","2,427 ","40,832 ","32,257 ","6,907 ","10,940 ","9,674 ","4,736 ","7,709 ",509 ,357 ,"30,671 ","9,625 ",537 ,"14,446 ","6,689 ","16,528 ","1,647 ",326 ,"1,176 ",21 ,"10,816 ","11,217 ","6,883 ","5,912 ","3,684 ","1,526 ",485 ,309 ,"8,433 ","1,355 ","3,127 ","2,379 ","2,051 ","1,925 ","1,769 ","1,554 ","1,436 ","1,325 ","1,357 ","1,394 ","1,112 ","1,205 ",917 ,768 ,"1,833 ","1,452 ","5,442 "
Marine Parade,"39,284 ","26,134 ","10,047 ","1,905 ",906 ,292 ,"8,283 ",625 ,"3,048 ","2,087 ",652 ,458 ,101 ,"1,313 ","1,940 ",229 ,"1,159 ",68 ,117 ,"1,937 ",927 ,4 ,   -  ,76 ,"1,701 ","3,111 ","2,478 ","1,071 ",890 ,497 ,"38,447 ","17,408 ","21,039 ","11,695 ","22,365 ","2,528 ","1,858 ","22,128 ","1,483 ","14,835 ",843 ,"37,604 ","9,103 ","8,532 ","2,087 ","3,243 ","2,718 ",209 ,"4,426 ","7,791 ",338 ,"2,592 ","1,257 ","2,266 ","4,647 ","3,097 ","2,032 ","2,243 ","16,826 ","22,128 ","1,145 ",554 ,"3,638 ","1,437 ",906 ,"1,425 ","3,908 ",649 ,"2,538 ",997 ,"2,635 ","1,249 ",288 ,632 ,127 ,"7,155 ","6,684 ","3,153 ","1,451 ","1,565 ",286 ,578 ,780 ,476 ,"1,336 ","1,867 ","1,868 ","1,956 ","1,507 ","1,558 ","1,108 ",817 ,823 ,861 ,976 ,728 ,"1,473 ","5,250 ","5,710 ",433 ,"2,976 ",279 ,"1,361 ","8,006 ",208 ,79 ,262 ,370 ,"2,161 ","4,175 ","9,110 ","4,120 ","2,159 ","1,164 ","17,069 ","7,993 ","1,387 ","2,946 ","1,826 ","1,833 ","6,334 ","2,603 ",139 ,"13,086 ","3,615 ",368 ,"4,768 ","2,579 ","7,954 ",923 ,171 ,621 ,53 ,"3,367 ","3,863 ","3,176 ","2,842 ","2,110 ",940 ,418 ,354 ,"3,552 ",339 ,683 ,652 ,736 ,595 ,510 ,500 ,460 ,573 ,449 ,468 ,426 ,366 ,304 ,253 ,773 ,661 ,"4,770 "
Novena,"41,255 ","26,096 ","12,565 ",849 ,"1,274 ",470 ,"8,562 ",711 ,"3,489 ","1,995 ",627 ,538 ,93 ,"1,109 ","1,679 ",263 ,"1,486 ",62 ,107 ,"2,354 ","1,047 ",5 ,   -  ,44 ,"1,419 ","2,900 ","3,106 ","1,148 ",936 ,248 ,"40,195 ","18,960 ","21,235 ","12,230 ","23,736 ","2,444 ","1,785 ","25,168 ","1,556 ","13,472 ","1,046 ","39,149 ","10,338 ","10,574 ","2,328 ","2,114 ","1,822 ",205 ,"4,598 ","8,072 ",142 ,"3,170 ","1,432 ","2,320 ","4,526 ","3,082 ","2,248 ","2,522 ","17,717 ","25,168 ","1,405 ",617 ,"3,912 ","1,592 ","1,540 ","1,406 ","3,704 ",681 ,"2,890 ","1,137 ","2,939 ","2,115 ",313 ,723 ,193 ,"6,795 ","7,813 ","3,504 ","1,770 ","2,220 ",400 ,985 ,"1,126 ",556 ,"1,468 ","2,621 ","2,165 ","2,100 ","1,852 ","1,799 ","1,239 ","1,138 ","1,250 ",867 ,"1,032 ",594 ,"1,529 ","5,514 ","4,250 ","2,034 ","5,316 ",276 ,"1,406 ","7,696 ",243 ,138 ,504 ,307 ,"2,681 ","4,570 ","10,605 ","4,901 ","2,713 ",997 ,"18,281 ","8,370 ",768 ,"3,342 ","2,822 ","1,438 ","7,641 ","2,193 ",76 ,"14,811 ","3,113 ",356 ,"5,003 ","2,940 ","8,726 ",843 ,120 ,583 ,65 ,"3,630 ","4,302 ","3,366 ","3,217 ","2,073 ",994 ,389 ,308 ,"2,848 ",397 ,792 ,851 ,772 ,726 ,721 ,580 ,581 ,743 ,554 ,551 ,497 ,417 ,389 ,310 ,840 ,704 ,"5,010 "
Outram,"13,881 ","5,871 ","6,791 ",781 ,370 ,68 ,"2,284 ",219 ,944 ,492 ,173 ,117 ,52 ,286 ,389 ,311 ,472 ,16 ,14 ,236 ,245 ,5 ,5 ,10 ,567 ,800 ,782 ,309 ,257 ,118 ,"15,637 ","7,833 ","7,805 ","5,078 ","7,963 ","1,416 ","1,180 ","9,269 ",675 ,"5,694 ","1,106 ","14,531 ","4,139 ","5,138 ","1,633 ","1,470 ",591 ,41 ,681 ,"1,881 ",63 ,"2,892 ","1,336 ","1,581 ","2,041 ","1,186 ",940 ,676 ,"4,213 ","9,269 ",607 ,232 ,"1,255 ",799 ,"1,018 ",448 ,"1,112 ",192 ,822 ,909 ,944 ,423 ,146 ,332 ,31 ,"1,589 ","2,259 ","1,480 ",654 ,"1,258 ",179 ,484 ,"1,263 ",102 ,833 ,"1,656 ","1,111 ",769 ,711 ,643 ,378 ,429 ,374 ,306 ,401 ,245 ,566 ,847 ,"1,527 ","1,873 ","1,717 ",155 ,252 ,"1,005 ",71 ,50 ,110 ,95 ,"2,326 ","2,631 ","3,557 ","1,359 ","1,006 ",398 ,"8,053 ","7,605 ","2,889 ","2,356 ","1,735 ",625 ,420 ,   -  ,27 ,"4,718 ","3,250 ",84 ,"3,605 ","1,227 ","2,714 ",251 ,48 ,194 ,14 ,"2,832 ","2,195 ","1,296 ",888 ,496 ,203 ,113 ,29 ,"2,194 ",393 ,813 ,504 ,392 ,283 ,336 ,201 ,245 ,210 ,213 ,205 ,146 ,218 ,145 ,150 ,326 ,211 ,868 
Pasir Ris,"138,727 ","84,070 ","36,922 ","14,490 ","2,260 ",984 ,"29,268 ","1,661 ","8,529 ","6,784 ","2,273 ","3,618 ",566 ,"5,838 ","6,691 ","1,157 ","8,418 ",438 ,170 ,"4,399 ","1,569 ",10 ,166 ,220 ,"5,830 ","8,432 ","7,702 ","3,913 ","4,136 ","4,498 ","130,234 ","63,353 ","66,881 ","44,336 ","77,120 ","4,630 ","4,148 ","84,726 ","5,189 ","40,319 ","1,773 ","128,461 ","24,187 ","33,119 ","8,777 ","30,214 ","4,566 ",491 ,"9,983 ","18,383 ",515 ,"7,505 ","4,130 ","7,488 ","20,197 ","13,315 ","15,053 ","8,779 ","38,636 ","84,726 ","7,860 ","2,959 ","11,389 ","10,150 ","3,384 ","4,320 ","8,735 ","1,978 ","6,756 ","4,021 ","14,088 ","5,210 ","1,218 ","2,086 ",573 ,"14,178 ","20,773 ","19,221 ","8,709 ","9,064 ","1,931 ","4,810 ","3,163 ","2,878 ","5,604 ","8,239 ","9,396 ","10,370 ","8,790 ","7,826 ","5,773 ","4,549 ","3,966 ","3,592 ","3,184 ","2,385 ","4,308 ","6,743 ","12,420 ","8,069 ","23,973 ","1,701 ","3,241 ","20,933 ","1,235 ",644 ,"3,442 ","1,238 ","6,466 ","9,775 ","25,188 ","17,318 ","18,172 ","10,392 ","44,799 ","30,080 ",734 ,356 ,"11,809 ","17,180 ","12,814 ","1,905 ",   -  ,"41,101 ","3,254 ",443 ,"6,448 ","6,006 ","26,324 ","3,000 ",843 ,"1,998 ",180 ,"4,790 ","8,146 ","8,749 ","10,900 ","6,883 ","3,055 ","1,462 ",814 ,"3,702 ",587 ,"1,198 ","1,408 ","1,691 ","1,768 ","2,318 ","2,078 ","2,281 ","1,994 ","2,438 ","2,230 ","2,017 ","2,104 ","1,608 ","1,643 ","3,415 ","2,434 ","7,885 "
Punggol,"155,549 ","85,910 ","55,030 ","11,302 ","2,695 ",611 ,"37,190 ","4,921 ","16,275 ","8,685 ","1,953 ","2,699 ",356 ,"2,302 ","6,066 ","2,521 ","4,844 ","3,502 ",165 ,"4,992 ","1,623 ",85 ,136 ,259 ,"12,879 ","16,878 ","8,282 ","4,871 ","4,390 ","2,267 ","135,347 ","64,766 ","70,581 ","28,988 ","95,391 ","4,841 ","6,128 ","95,536 ","5,245 ","34,565 ","2,626 ","132,721 ","28,518 ","45,742 ","10,550 ","20,960 ","4,976 ",280 ,"9,104 ","14,861 ",356 ,"8,601 ","5,214 ","8,595 ","18,752 ","13,733 ","15,455 ","10,632 ","43,473 ","95,536 ","8,534 ","3,793 ","14,687 ","9,459 ","4,923 ","5,396 ","9,420 ","2,547 ","7,762 ","4,237 ","13,660 ","5,827 ","1,735 ","2,861 ",696 ,"14,113 ","24,301 ","22,004 ","9,554 ","11,317 ","2,091 ","5,698 ","4,286 ","2,174 ","5,146 ","9,897 ","9,542 ","11,021 ","10,337 ","9,577 ","7,009 ","6,845 ","5,632 ","4,402 ","3,765 ","2,587 ","5,218 ","4,558 ","8,975 ","13,546 ","19,443 ","12,437 ","2,573 ","21,884 ","1,676 ",999 ,"3,619 ","1,553 ","7,826 ","8,424 ","23,571 ","22,391 ","26,199 ","10,995 ","56,166 ","49,035 ","4,364 ","5,404 ","22,277 ","16,990 ","7,061 ",69 ,   -  ,"51,926 ","3,902 ",338 ,"7,069 ","9,839 ","32,832 ","3,531 ",522 ,"2,311 ",61 ,"5,375 ","13,023 ","12,453 ","12,781 ","7,856 ","2,972 ","1,248 ",458 ,"3,531 ",877 ,"2,397 ","2,418 ","3,108 ","3,060 ","2,987 ","2,975 ","3,280 ","3,317 ","3,127 ","2,952 ","2,623 ","2,474 ","2,252 ","1,764 ","4,089 ","2,858 ","6,077 "
Queenstown,"78,815 ","40,815 ","30,984 ","4,009 ","2,238 ",769 ,"14,353 ","1,134 ","5,364 ","3,477 ","1,095 ","1,077 ",176 ,"2,030 ","3,338 ","1,351 ","2,789 ",121 ,119 ,"2,091 ","1,161 ",9 ,9 ,140 ,"3,104 ","5,034 ","5,444 ","1,816 ","1,268 ",405 ,"80,302 ","36,550 ","43,752 ","25,269 ","44,387 ","6,285 ","4,361 ","48,300 ","3,294 ","28,708 ","2,994 ","77,308 ","18,942 ","22,997 ","5,856 ","6,785 ","3,496 ",468 ,"6,802 ","14,755 ",202 ,"9,717 ","4,007 ","6,215 ","10,389 ","6,238 ","5,426 ","4,573 ","27,759 ","48,300 ","3,792 ","1,309 ","6,930 ","3,666 ","2,756 ","2,891 ","5,474 ","1,395 ","4,622 ","3,007 ","7,031 ","3,000 ",778 ,"1,289 ",362 ,"8,712 ","14,474 ","8,480 ","4,168 ","4,769 ",939 ,"2,254 ","3,517 ",988 ,"3,010 ","6,385 ","5,076 ","4,551 ","4,081 ","3,796 ","2,883 ","2,388 ","2,367 ","1,896 ","1,731 ","1,403 ","3,292 ","5,440 ","8,856 ","8,542 ","11,023 ",944 ,"1,766 ","9,251 ",606 ,353 ,841 ,428 ,"5,015 ","7,103 ","19,705 ","10,487 ","6,247 ","2,326 ","37,053 ","31,259 ","3,814 ","13,661 ","9,424 ","4,360 ","4,676 ","1,032 ",86 ,"31,270 ","5,269 ",514 ,"11,632 ","6,339 ","16,310 ","1,617 ",196 ,930 ,28 ,"8,278 ","10,224 ","7,181 ","5,959 ","3,411 ","1,284 ",500 ,215 ,"7,776 ",774 ,"2,408 ","1,708 ","1,924 ","1,682 ","1,515 ","1,355 ","1,304 ","1,277 ","1,264 ","1,143 ",916 ,"1,174 ",933 ,787 ,"2,083 ","1,571 ","5,460 "
River Valley,"8,567 ","6,849 ","1,284 ",61 ,57 ,315 ,"1,987 ",193 ,767 ,468 ,168 ,62 ,12 ,317 ,180 ,63 ,334 ,11 ,41 ,564 ,447 ,   -  ,   -  ,32 ,281 ,594 ,705 ,390 ,171 ,39 ,"8,420 ","3,906 ","4,514 ","2,374 ","5,367 ",305 ,373 ,"5,371 ",272 ,"2,777 ",15 ,"8,405 ","2,565 ","1,297 ",175 ,154 ,863 ,27 ,"1,057 ","2,202 ",81 ,97 ,57 ,127 ,444 ,543 ,307 ,457 ,"5,650 ","5,371 ",252 ,66 ,769 ,211 ,180 ,364 ,"1,379 ",184 ,911 ,149 ,520 ,252 ,59 ,53 ,22 ,"2,461 ","1,927 ",554 ,151 ,129 ,   -  ,21 ,16 ,113 ,208 ,224 ,229 ,272 ,260 ,342 ,219 ,270 ,231 ,148 ,183 ,177 ,337 ,"2,272 ",490 ,692 ,620 ,84 ,651 ,"1,854 ",31 ,   -  ,16 ,65 ,742 ,"1,620 ","2,381 ",429 ,251 ,107 ,"3,976 ",   -  ,   -  ,   -  ,   -  ,   -  ,"3,721 ",252 ,3 ,"2,454 ","1,303 ",220 ,"1,194 ",728 ,"1,793 ",105 ,17 ,134 ,5 ,869 ,794 ,571 ,740 ,603 ,223 ,117 ,58 ,574 ,27 ,80 ,75 ,102 ,54 ,80 ,90 ,92 ,87 ,75 ,74 ,92 ,79 ,59 ,85 ,195 ,197 ,"1,860 "
Sembawang,"95,248 ","41,380 ","40,457 ","9,536 ","2,872 ","1,003 ","21,086 ","1,726 ","7,749 ","5,455 ","1,388 ","2,388 ",273 ,"2,107 ","2,941 ","2,933 ","5,734 ",282 ,80 ,"2,239 ",871 ,36 ,104 ,144 ,"5,642 ","7,822 ","5,141 ","2,975 ","3,143 ","1,759 ","87,951 ","42,588 ","45,364 ","25,119 ","55,803 ","3,296 ","3,734 ","59,508 ","3,730 ","24,713 ","1,966 ","85,985 ","17,136 ","29,545 ","7,412 ","15,532 ","4,710 ",219 ,"4,815 ","8,349 ",234 ,"7,036 ","3,806 ","6,632 ","12,253 ","9,356 ","9,069 ","7,039 ","24,255 ","59,508 ","8,165 ","3,397 ","8,671 ","5,199 ","3,761 ","2,757 ","4,314 ","1,169 ","3,951 ","3,389 ","7,280 ","4,099 ","1,017 ","1,648 ",692 ,"7,619 ","14,003 ","13,347 ","6,152 ","7,080 ","1,924 ","4,226 ","3,483 ","1,674 ","3,791 ","6,653 ","7,743 ","8,024 ","6,915 ","5,857 ","4,614 ","3,438 ","2,850 ","2,037 ","1,754 ","1,435 ","2,237 ","2,161 ","5,648 ","13,012 ","16,804 ","1,478 ","1,082 ","9,981 ","1,244 ",891 ,"2,286 ","1,302 ","4,925 ","6,609 ","12,212 ","12,412 ","16,817 ","9,074 ","33,049 ","28,584 ","3,516 ","1,507 ","11,908 ","11,653 ","3,509 ",943 ,13 ,"29,943 ","2,745 ",362 ,"5,513 ","5,365 ","17,911 ","2,185 ",483 ,"1,493 ",100 ,"4,310 ","7,162 ","6,744 ","7,466 ","4,158 ","2,097 ",676 ,437 ,"2,716 ",586 ,"1,395 ","1,695 ","2,066 ","1,979 ","2,090 ","1,931 ","1,925 ","1,882 ","1,783 ","1,645 ","1,397 ","1,237 ","1,310 ","1,190 ","1,866 ","1,511 ","2,847 "
Sengkang,"229,914 ","113,710 ","90,761 ","15,962 ","8,161 ","1,320 ","53,588 ","4,974 ","21,822 ","12,968 ","2,996 ","4,996 ",648 ,"5,185 ","11,197 ","3,760 ","8,472 ","3,683 ",273 ,"5,855 ","2,506 ",83 ,192 ,487 ,"16,950 ","22,275 ","13,337 ","6,965 ","6,778 ","3,497 ","205,998 ","99,442 ","106,555 ","55,304 ","135,399 ","7,231 ","8,064 ","141,414 ","7,386 ","57,197 ","3,753 ","202,245 ","43,436 ","72,229 ","17,591 ","26,557 ","10,715 ",639 ,"14,123 ","20,258 ",450 ,"15,853 ","9,249 ","14,270 ","28,377 ","20,318 ","20,627 ","15,252 ","62,586 ","141,414 ","12,683 ","6,424 ","21,859 ","14,473 ","7,411 ","7,884 ","13,077 ","3,369 ","10,549 ","7,682 ","19,054 ","9,275 ","2,234 ","4,214 ","1,227 ","21,140 ","34,384 ","30,435 ","14,255 ","16,749 ","3,837 ","9,077 ","8,003 ","3,534 ","8,651 ","17,230 ","15,393 ","16,130 ","15,469 ","12,751 ","11,198 ","8,471 ","7,626 ","5,497 ","5,482 ","3,875 ","6,995 ","6,648 ","18,315 ","19,110 ","29,530 ","16,193 ","3,734 ","28,363 ","2,498 ","1,615 ","4,711 ","2,184 ","13,155 ","13,713 ","37,298 ","34,560 ","35,728 ","13,109 ","79,376 ","68,180 ","3,950 ","4,043 ","31,507 ","28,680 ","10,823 ",372 ,   -  ,"74,600 ","4,325 ",451 ,"11,107 ","12,053 ","46,691 ","5,138 ",816 ,"3,446 ",124 ,"8,576 ","16,046 ","17,143 ","18,989 ","11,208 ","5,095 ","1,632 ",687 ,"5,621 ","1,276 ","3,166 ","3,556 ","4,024 ","4,310 ","4,318 ","4,693 ","4,431 ","4,164 ","4,359 ","3,915 ","3,803 ","3,016 ","3,177 ","2,811 ","6,068 ","3,905 ","8,762 "
Serangoon,"105,831 ","61,826 ","37,202 ","3,073 ","3,197 ",533 ,"19,057 ",999 ,"5,535 ","4,678 ","1,516 ","1,852 ",361 ,"4,117 ","3,423 ","1,515 ","5,248 ",284 ,184 ,"4,014 ","1,350 ",   -  ,53 ,94 ,"2,690 ","5,154 ","6,338 ","3,067 ","2,524 ","1,448 ","103,278 ","48,874 ","54,404 ","34,604 ","59,890 ","5,407 ","3,377 ","63,558 ","3,810 ","35,910 ","2,395 ","100,883 ","22,647 ","30,157 ","9,363 ","5,316 ","6,233 ",340 ,"11,557 ","17,399 ",266 ,"8,673 ","3,945 ","7,145 ","14,107 ","8,935 ","7,404 ","6,085 ","37,075 ","63,558 ","5,040 ","3,049 ","10,210 ","4,374 ","3,408 ","3,628 ","6,751 ","1,798 ","6,351 ","3,150 ","8,487 ","4,275 ",850 ,"1,754 ",433 ,"14,387 ","17,752 ","11,666 ","5,496 ","5,647 ","1,270 ","2,627 ","3,150 ","1,564 ","3,740 ","7,518 ","6,247 ","6,299 ","5,600 ","5,431 ","3,878 ","3,426 ","3,052 ","2,427 ","2,490 ","1,674 ","3,627 ","8,149 ","7,671 ","9,066 ","15,724 ","1,166 ","1,955 ","18,497 ",784 ,696 ,895 ,422 ,"5,690 ","7,988 ","22,718 ","15,410 ","10,386 ","3,500 ","38,086 ","22,085 ",664 ,"4,376 ","10,514 ","6,531 ","6,178 ","9,745 ",78 ,"34,232 ","3,394 ",460 ,"7,817 ","5,584 ","19,498 ","2,331 ",600 ,"2,114 ",143 ,"5,384 ","7,984 ","7,800 ","7,687 ","4,694 ","2,309 ","1,178 ","1,050 ","5,318 ",496 ,"1,444 ","1,629 ","1,464 ","1,425 ","1,786 ","1,568 ","1,803 ","1,521 ","1,470 ","1,379 ","1,255 ","1,019 ","1,052 ","1,008 ","2,038 ","1,795 ","8,616 "
Tampines,"237,351 ","110,367 ","82,363 ","38,464 ","5,159 ",998 ,"43,271 ","3,312 ","13,812 ","10,165 ","3,658 ","4,835 ",584 ,"6,906 ","11,416 ","2,897 ","9,549 ",822 ,190 ,"4,644 ","3,205 ",74 ,288 ,500 ,"9,591 ","15,471 ","12,123 ","5,550 ","4,725 ","4,807 ","226,982 ","110,085 ","116,898 ","73,220 ","133,139 ","12,102 ","8,521 ","144,548 ","9,237 ","73,197 ","5,744 ","221,239 ","36,837 ","64,965 ","18,089 ","59,177 ","8,351 ",703 ,"13,594 ","24,778 ",488 ,"20,016 ","10,453 ","16,950 ","38,437 ","25,158 ","23,046 ","14,477 ","58,090 ","144,548 ","13,088 ","4,431 ","19,091 ","19,154 ","8,707 ","7,424 ","13,712 ","3,084 ","9,884 ","8,710 ","19,842 ","9,211 ","2,404 ","4,299 ","1,506 ","18,467 ","32,185 ","32,113 ","15,663 ","18,581 ","4,141 ","10,391 ","9,271 ","3,735 ","10,239 ","19,330 ","17,248 ","19,714 ","16,078 ","12,917 ","8,953 ","7,887 ","6,103 ","4,864 ","4,045 ","3,474 ","5,856 ","7,842 ","25,058 ","20,843 ","34,708 ","3,591 ","4,357 ","26,251 ","2,972 ","1,351 ","6,762 ","3,052 ","13,937 ","21,958 ","45,488 ","31,948 ","27,598 ","12,011 ","83,681 ","72,846 ","3,215 ","14,313 ","31,182 ","24,136 ","9,543 ","1,211 ",81 ,"77,953 ","5,183 ",546 ,"14,991 ","12,649 ","45,002 ","5,474 ","1,333 ","3,981 ",250 ,"10,895 ","17,995 ","18,183 ","17,600 ","10,400 ","5,341 ","2,303 ",964 ,"9,631 ","1,389 ","4,043 ","3,892 ","4,610 ","4,472 ","4,592 ","4,362 ","4,646 ","3,802 ","4,038 ","3,947 ","3,380 ","2,975 ","2,903 ","2,311 ","5,373 ","3,672 ","9,644 "
Tanglin,"17,859 ","14,573 ","2,453 ",62 ,143 ,627 ,"4,168 ",354 ,"1,713 ","1,038 ",298 ,86 ,53 ,626 ,451 ,179 ,397 ,26 ,85 ,"1,487 ",728 ,   -  ,3 ,43 ,685 ,"1,589 ","1,624 ",574 ,194 ,11 ,"16,737 ","7,740 ","8,997 ","4,330 ","11,162 ",572 ,674 ,"10,205 ",495 ,"6,037 ",87 ,"16,651 ","4,654 ","2,550 ",539 ,423 ,"1,102 ",92 ,"2,680 ","4,567 ",131 ,275 ,135 ,343 ,981 ,875 ,478 ,915 ,"11,257 ","10,205 ",465 ,121 ,"1,604 ",321 ,267 ,658 ,"2,494 ",359 ,"1,687 ",217 ,876 ,845 ,119 ,125 ,48 ,"4,794 ","3,831 ",884 ,211 ,227 ,17 ,43 ,39 ,159 ,344 ,335 ,383 ,487 ,383 ,612 ,387 ,427 ,487 ,325 ,501 ,326 ,809 ,"4,399 ",930 ,841 ,"1,077 ",59 ,987 ,"5,065 ",47 ,3 ,55 ,102 ,897 ,"2,403 ","5,090 ","1,308 ",366 ,140 ,"7,938 ",187 ,   -  ,21 ,79 ,86 ,"6,493 ","1,234 ",25 ,"5,432 ","2,248 ",258 ,"1,880 ","1,488 ","3,887 ",284 ,81 ,277 ,42 ,"1,240 ","1,609 ","1,290 ","1,410 ","1,208 ",594 ,307 ,280 ,"1,210 ",71 ,84 ,104 ,132 ,127 ,191 ,109 ,155 ,185 ,122 ,186 ,129 ,154 ,146 ,102 ,356 ,397 ,"3,977 "
Toa Payoh,"102,253 ","51,598 ","41,876 ","5,303 ","2,634 ",843 ,"19,054 ","1,585 ","6,337 ","4,795 ","1,476 ","1,892 ",299 ,"2,669 ","4,215 ","1,724 ","4,661 ",147 ,191 ,"2,466 ","1,080 ",20 ,100 ,153 ,"4,203 ","7,077 ","5,697 ","2,792 ","2,276 ","1,001 ","104,789 ","47,763 ","57,026 ","34,706 ","56,650 ","7,587 ","5,846 ","63,554 ","4,387 ","36,848 ","4,354 ","100,435 ","23,483 ","34,920 ","9,271 ","8,521 ","3,807 ",245 ,"9,929 ","14,250 ",364 ,"12,462 ","5,576 ","8,330 ","15,828 ","9,654 ","7,501 ","6,350 ","30,858 ","63,554 ","4,514 ","2,150 ","9,638 ","5,484 ","4,453 ","2,862 ","6,504 ","1,848 ","5,251 ","4,253 ","8,110 ","4,559 ","1,017 ","2,428 ",483 ,"10,446 ","16,191 ","11,509 ","5,944 ","7,784 ","1,705 ","3,619 ","4,921 ","1,435 ","4,623 ","8,866 ","7,074 ","7,174 ","5,873 ","4,725 ","4,335 ","3,212 ","2,964 ","2,652 ","2,030 ","1,689 ","3,180 ","5,156 ","9,540 ","12,084 ","16,847 ","1,107 ","2,185 ","11,207 ",843 ,577 ,"1,163 ",719 ,"6,496 ","9,526 ","23,699 ","16,195 ","8,620 ","3,017 ","46,880 ","39,272 ","4,793 ","16,019 ","11,368 ","7,092 ","5,440 ","1,771 ",397 ,"38,826 ","7,687 ",366 ,"15,327 ","7,013 ","19,995 ","2,565 ",443 ,"1,503 ",33 ,"11,689 ","11,432 ","8,921 ","7,454 ","4,221 ","2,074 ",680 ,408 ,"10,015 ","1,296 ","2,987 ","2,376 ","2,603 ","2,504 ","2,089 ","2,072 ","1,791 ","2,004 ","1,413 ","1,484 ","1,400 ","1,202 ",863 ,912 ,"2,236 ","1,569 ","6,064 "
Woodlands,"228,518 ","85,752 ","92,206 ","39,565 ","9,668 ","1,327 ","49,918 ","3,201 ","15,395 ","12,621 ","4,312 ","6,934 ","1,067 ","6,388 ","9,383 ","4,143 ","14,689 ",778 ,309 ,"3,428 ","1,457 ",99 ,255 ,305 ,"14,819 ","18,089 ","11,132 ","6,527 ","7,719 ","5,275 ","214,946 ","106,772 ","108,173 ","72,070 ","125,045 ","9,120 ","8,711 ","138,703 ","9,554 ","66,689 ","4,623 ","210,322 ","32,251 ","66,744 ","15,988 ","60,365 ","13,535 ",683 ,"9,868 ","14,900 ",612 ,"17,982 ","11,809 ","17,673 ","36,202 ","26,313 ","23,808 ","14,688 ","41,904 ","138,703 ","20,793 ","7,858 ","18,793 ","14,158 ","8,469 ","4,901 ","8,672 ","2,841 ","7,657 ","8,857 ","19,575 ","8,987 ","2,213 ","3,511 ","1,417 ","13,087 ","24,902 ","32,170 ","15,257 ","19,309 ","5,744 ","12,895 ","10,832 ","4,506 ","10,550 ","20,131 ","21,026 ","19,704 ","16,449 ","12,758 ","9,353 ","6,842 ","5,611 ","4,529 ","2,660 ","2,353 ","3,944 ","2,794 ","15,314 ","18,099 ","43,754 ","4,235 ","3,046 ","20,453 ","4,260 ","2,460 ","8,076 ","2,865 ","13,705 ","18,557 ","33,201 ","25,802 ","31,529 ","23,845 ","78,839 ","72,965 ","5,299 ","7,367 ","31,978 ","28,321 ","5,592 ",214 ,68 ,"71,040 ","7,178 ",621 ,"13,270 ","10,292 ","44,462 ","5,314 ","1,422 ","3,966 ",113 ,"9,617 ","15,549 ","16,625 ","16,941 ","10,943 ","5,533 ","2,252 ","1,379 ","7,133 ","1,293 ","3,913 ","4,488 ","5,132 ","5,032 ","5,584 ","5,249 ","5,025 ","4,606 ","4,596 ","3,379 ","3,239 ","2,861 ","2,903 ","2,152 ","4,524 ","2,669 ","5,064 "
Yishun,"196,406 ","77,707 ","84,342 ","25,185 ","7,829 ","1,344 ","38,377 ","3,579 ","13,373 ","9,396 ","3,328 ","3,727 ",707 ,"4,268 ","7,903 ","2,837 ","9,630 ",466 ,200 ,"4,109 ","1,519 ",47 ,244 ,756 ,"10,444 ","14,409 ","10,195 ","4,661 ","5,029 ","3,315 ","188,451 ","91,242 ","97,209 ","57,209 ","111,469 ","9,740 ","10,033 ","122,197 ","8,408 ","57,846 ","5,785 ","182,666 ","32,049 ","62,216 ","17,681 ","38,022 ","11,466 ",767 ,"10,364 ","15,567 ",318 ,"20,037 ","10,398 ","16,967 ","31,231 ","21,503 ","18,416 ","12,736 ","40,809 ","122,197 ","13,338 ","6,604 ","17,601 ","11,589 ","9,151 ","5,141 ","9,088 ","2,838 ","8,063 ","7,719 ","14,614 ","9,228 ","2,046 ","3,911 ","1,266 ","13,898 ","23,861 ","26,115 ","13,131 ","17,945 ","4,403 ","9,862 ","9,752 ","3,230 ","7,834 ","17,867 ","18,736 ","16,675 ","13,441 ","11,615 ","8,184 ","6,424 ","5,009 ","3,872 ","2,973 ","2,222 ","3,320 ","4,025 ","16,601 ","16,841 ","36,146 ","3,158 ","2,683 ","19,404 ","3,059 ","2,192 ","4,610 ","2,823 ","13,071 ","15,957 ","28,846 ","27,488 ","30,061 ","15,195 ","75,403 ","66,773 ","4,119 ","16,531 ","32,083 ","14,040 ","6,902 ","1,496 ",232 ,"68,814 ","5,990 ",599 ,"15,545 ","11,621 ","39,819 ","4,294 ",949 ,"3,017 ",158 ,"11,791 ","16,798 ","16,724 ","15,535 ","8,404 ","4,116 ","1,244 ",790 ,"8,698 ","1,551 ","4,455 ","4,912 ","4,869 ","4,935 ","5,056 ","4,736 ","4,224 ","3,894 ","3,501 ","3,458 ","3,040 ","2,324 ","2,349 ","1,883 ","3,689 ","2,429 ","5,399 "
Others,"25,353 ","15,006 ","7,621 ",607 ,"1,414 ",705 ,"4,653 ",477 ,"1,693 ","1,125 ",295 ,270 ,116 ,677 ,531 ,573 ,609 ,98 ,61 ,"1,270 ",522 ,   -  ,24 ,70 ,843 ,"1,537 ","1,790 ",602 ,455 ,108 ,"25,756 ","12,339 ","13,417 ","7,543 ","15,517 ","1,376 ","1,320 ","16,705 ",928 ,"8,124 ",611 ,"25,146 ","6,249 ","6,936 ","1,610 ","1,780 ","1,751 ",156 ,"2,719 ","4,266 ",290 ,"2,199 ",667 ,"1,393 ","2,712 ","1,702 ","1,568 ","1,172 ","12,527 ","16,705 ",875 ,582 ,"2,903 ",986 ,938 ,"1,057 ","2,578 ",483 ,"2,050 ",844 ,"1,721 ",836 ,368 ,438 ,45 ,"5,459 ","4,809 ","2,404 ",972 ,"1,432 ",210 ,459 ,643 ,318 ,895 ,"1,800 ","1,227 ","1,263 ","1,114 ","1,217 ","1,122 ",673 ,689 ,562 ,807 ,470 ,794 ,"4,072 ","1,697 ","2,472 ","2,575 ",214 ,"1,131 ","4,922 ",158 ,153 ,195 ,309 ,"2,565 ","4,146 ","7,430 ","2,239 ","1,225 ",454 ,"12,233 ","4,131 ",383 ,"1,961 ","1,492 ",295 ,"6,933 ","1,045 ",124 ,"8,449 ","3,341 ",443 ,"3,741 ","2,181 ","5,269 ",498 ,108 ,392 ,44 ,"2,822 ","2,919 ","2,167 ","1,979 ","1,273 ",639 ,264 ,170 ,"1,698 ",139 ,489 ,576 ,398 ,436 ,555 ,563 ,256 ,510 ,385 ,405 ,352 ,267 ,106 ,230 ,635 ,543 ,"3,691 "